{
  "套餐管理请求" : {
    "transaction" : "套餐管理请求",
    "sampleCount" : 600,
    "errorCount" : 0,
    "errorPct" : 0.0,
    "meanResTime" : 1.0816666666666659,
    "medianResTime" : 1.0,
    "minResTime" : 0.0,
    "maxResTime" : 5.0,
    "pct1ResTime" : 2.0,
    "pct2ResTime" : 2.0,
    "pct3ResTime" : 2.0,
    "throughput" : 3.3424135568293867,
    "receivedKBytesPerSec" : 31.413464913013687,
    "sentKBytesPerSec" : 0.4896113608636797
  },
  "首页请求" : {
    "transaction" : "首页请求",
    "sampleCount" : 600,
    "errorCount" : 0,
    "errorPct" : 0.0,
    "meanResTime" : 1.9983333333333324,
    "medianResTime" : 2.0,
    "minResTime" : 1.0,
    "maxResTime" : 47.0,
    "pct1ResTime" : 2.0,
    "pct2ResTime" : 3.0,
    "pct3ResTime" : 4.0,
    "throughput" : 3.341296757271497,
    "receivedKBytesPerSec" : 25.20329702457524,
    "sentKBytesPerSec" : 0.44702896068964365
  },
  "菜品管理请求" : {
    "transaction" : "菜品管理请求",
    "sampleCount" : 600,
    "errorCount" : 0,
    "errorPct" : 0.0,
    "meanResTime" : 1.12,
    "medianResTime" : 1.0,
    "minResTime" : 0.0,
    "maxResTime" : 13.0,
    "pct1ResTime" : 2.0,
    "pct2ResTime" : 2.0,
    "pct3ResTime" : 2.0,
    "throughput" : 3.3423949373858015,
    "receivedKBytesPerSec" : 31.423082092004993,
    "sentKBytesPerSec" : 0.47655240318195996
  },
  "Total" : {
    "transaction" : "Total",
    "sampleCount" : 3000,
    "errorCount" : 0,
    "errorPct" : 0.0,
    "meanResTime" : 1.1933333333333322,
    "medianResTime" : 1.0,
    "minResTime" : 0.0,
    "maxResTime" : 47.0,
    "pct1ResTime" : 2.0,
    "pct2ResTime" : 2.0,
    "pct3ResTime" : 3.0,
    "throughput" : 16.706111652512877,
    "receivedKBytesPerSec" : 122.17323019629681,
    "sentKBytesPerSec" : 2.381926075455938
  },
  "分类管理请求" : {
    "transaction" : "分类管理请求",
    "sampleCount" : 600,
    "errorCount" : 0,
    "errorPct" : 0.0,
    "meanResTime" : 1.1599999999999993,
    "medianResTime" : 1.0,
    "minResTime" : 0.0,
    "maxResTime" : 12.0,
    "pct1ResTime" : 2.0,
    "pct2ResTime" : 2.0,
    "pct3ResTime" : 2.0,
    "throughput" : 3.3423763181496606,
    "receivedKBytesPerSec" : 33.40744298463064,
    "sentKBytesPerSec" : 0.48960590597895415
  },
  "订单明细请求" : {
    "transaction" : "订单明细请求",
    "sampleCount" : 600,
    "errorCount" : 0,
    "errorPct" : 0.0,
    "meanResTime" : 0.6066666666666675,
    "medianResTime" : 1.0,
    "minResTime" : 0.0,
    "maxResTime" : 2.0,
    "pct1ResTime" : 1.0,
    "pct2ResTime" : 1.0,
    "pct3ResTime" : 1.0,
    "throughput" : 3.3424321764804192,
    "receivedKBytesPerSec" : 0.7605338839061891,
    "sentKBytesPerSec" : 0.4798218065845914
  }
}